{
    "Version": "2012-10-17",
    "Id": "Policy1683648262883",
    "Statement": [
        {
            "Sid": "Stmt1683648256615",
            "Effect": "Deny",
            "Principal": "*",
            "Action": "s3:*",
            "Resource": [
                "arn:aws:s3:::bucket-3-0848",
                "arn:aws:s3:::bucket-3-0848/*"
            ],
            "Condition": {
                "ArnNotEquals": {
                    "aws:PrincipalArn": "arn:aws:iam::932378930848:user/mika"
                }
            }
        }
    ]
}