{
  "Id": "Policy1683647788509",
  "Version": "2012-10-17",
  "Statement": [
    {
      "Sid": "Stmt1683647786843",
      "Action": "s3:*",
      "Effect": "Allow",
      "Resource": "arn:aws:s3:::bucket-2-0848",
      "Principal": {
        "AWS": [
          "arn:aws:sts::932378930848:federated-user/mika+wiz_labs@wiz.io"
        ]
      }
    },
    {
        "Sid": "DenyAccessToOthers",
        "Effect": "Deny",
        "Principal": "*",
        "Action": "s3:*",
        "Resource": [
            "arn:aws:s3:::bucket-2-0848",
            "arn:aws:s3:::bucket-2-0848/*"
        ]
    }
  ]
}