{
    "Version": "2012-10-17",
    "Statement": [
        {
            "Condition": {
                "StringEquals": {
                    "aws:ResourceTag/wiz": "auto-gen-snapshot"
                }
            },
            "Action": [
                "redshift:DeleteClusterSnapshot",
                "redshift:AuthorizeSnapshotAccess",
                "redshift:RevokeSnapshotAccess"
            ],
            "Resource": "*",
            "Effect": "Allow"
        },
        {
            "Action": [
                "redshift:CreateTags"
            ],
            "Resource": "arn:aws:redshift:*:*:snapshot:*/*",
            "Effect": "Allow"
        },
        {
            "Action": [
                "redshift:DescribeClusterSnapshots",
                "redshift:DescribeClusters"
            ],
            "Resource": "*",
            "Effect": "Allow"
        },
        {
            "Condition": {
                "StringEquals": {
                    "aws:RequestTag/wiz": "auto-gen-snapshot"
                }
            },
            "Action": [
                "redshift:CreateClusterSnapshot"
            ],
            "Resource": "*",
            "Effect": "Allow"
        },
        {
            "Action": [
                "rds:DescribeDBClusters",
                "rds:DescribeDBClusterSnapshots",
                "rds:DescribeDBInstances",
                "rds:DescribeDBSnapshots",
                "rds:DescribeDBSubnetGroups",
                "rds:ListTagsForResource",
                "rds:AddTagsToResource"
            ],
            "Resource": "*",
            "Effect": "Allow"
        },
        {
            "Action": [
                "rds:DeleteDBClusterSnapshot",
                "rds:ModifyDBClusterSnapshotAttribute"
            ],
            "Resource": "arn:aws:rds:*:*:cluster-snapshot:wiz-autogen-*",
            "Effect": "Allow"
        },
        {
            "Action": [
                "rds:CopyDBClusterSnapshot",
                "rds:CopyDBSnapshot"
            ],
            "Resource": "*",
            "Effect": "Allow"
        },
        {
            "Action": [
                "rds:DeleteDBSnapshot",
                "rds:ModifyDBSnapshotAttribute"
            ],
            "Resource": "arn:aws:rds:*:*:snapshot:wiz-autogen-*",
            "Effect": "Allow"
        },
        {
            "Condition": {
                "StringEquals": {
                    "rds:req-tag/wiz": "auto-gen-snapshot"
                }
            },
            "Action": [
                "rds:CreateDBClusterSnapshot",
                "rds:CreateDBSnapshot"
            ],
            "Resource": "*",
            "Effect": "Allow"
        },
        {
            "Action": [
                "s3:GetObject",
                "s3:ListBucket"
            ],
            "Resource": "*",
            "Effect": "Allow"
        },
        {
            "Condition": {
                "StringLike": {
                    "kms:ViaService": "rds.*.amazonaws.com"
                }
            },
            "Action": [
                "kms:CreateGrant",
                "kms:ReEncrypt*"
            ],
            "Resource": "*",
            "Effect": "Allow"
        },
        {
            "Action": [
                "dynamodb:Scan",
                "dynamodb:DescribeTable"
            ],
            "Resource": "*",
            "Effect": "Allow"
        }
    ]
}