{
    "Version": "2012-10-17",
    "Statement": [
        {
            "Action": [
                "acm:GetCertificate",
                "apigateway:GET",
                "backup:DescribeGlobalSettings",
                "backup:GetBackupVaultAccessPolicy",
                "backup:GetBackupVaultNotifications",
                "backup:ListBackupVaults",
                "backup:ListTags",
                "cloudtrail:GetInsightSelectors",
                "cloudtrail:ListTrails",
                "codebuild:BatchGetProjects",
                "codebuild:GetResourcePolicy",
                "codebuild:ListProjects",
                "cognito-identity:DescribeIdentityPool",
                "connect:ListInstances",
                "connect:ListInstanceAttributes",
                "connect:ListInstanceStorageConfigs",
                "connect:ListSecurityKeys",
                "connect:ListLexBots",
                "connect:ListLambdaFunctions",
                "connect:ListApprovedOrigins",
                "connect:ListIntegrationAssociations",
                "dynamodb:DescribeExport",
                "dynamodb:DescribeKinesisStreamingDestination",
                "dynamodb:ListExports",
                "ec2:GetEbsEncryptionByDefault",
                "ec2:SearchTransitGatewayRoutes",
                "ecr:BatchGetImage",
                "ecr:GetAuthorizationToken",
                "ecr:GetDownloadUrlForLayer",
                "ecr:GetRegistryPolicy",
                "ecr-public:ListTagsForResource",
                "eks:ListTagsForResource",
                "elasticfilesystem:DescribeAccessPoints",
                "elasticfilesystem:DescribeFileSystemPolicy",
                "elasticmapreduce:GetAutoTerminationPolicy",
                "elasticmapreduce:GetManagedScalingPolicy",
                "glacier:GetDataRetrievalPolicy",
                "glacier:GetVaultLock",
                "glue:GetConnection",
                "glue:GetSecurityConfiguration",
                "glue:GetTags",
                "health:DescribeAffectedAccountsForOrganization",
                "health:DescribeAffectedEntities",
                "health:DescribeAffectedEntitiesForOrganization",
                "health:DescribeEntityAggregates",
                "health:DescribeEventAggregates",
                "health:DescribeEventDetails",
                "health:DescribeEventDetailsForOrganization",
                "health:DescribeEventTypes",
                "health:DescribeEvents",
                "health:DescribeEventsForOrganization",
                "health:DescribeHealthServiceStatusForOrganization",
                "kafka:ListClusters",
                "kendra:DescribeDataSource",
                "kendra:DescribeIndex",
                "kendra:ListDataSources",
                "kendra:ListIndices",
                "kendra:ListTagsForResource",
                "kinesisanalytics:ListApplications",
                "kinesisanalytics:DescribeApplication",
                "kinesisanalytics:ListTagsForResource",
                "kinesisvideo:ListStreams",
                "kinesisvideo:ListTagsForStream",
                "kinesisvideo:GetDataEndpoint",
                "kms:GetKeyRotationStatus",
                "kms:ListResourceTags",
                "lambda:GetFunction",
                "lambda:GetLayerVersion",
                "logs:ListTagsForResource",
                "profile:GetDomain",
                "profile:ListDomains",
                "profile:ListIntegrations",
                "s3:GetBucketNotification",
                "s3:GetMultiRegionAccessPointPolicy",
                "s3:ListMultiRegionAccessPoints",
                "ses:DescribeActiveReceiptRuleSet",
                "ses:GetAccount",
                "ses:GetConfigurationSet",
                "ses:GetConfigurationSetEventDestinations",
                "ses:GetDedicatedIps",
                "ses:GetEmailIdentity",
                "ses:ListConfigurationSets",
                "ses:ListDedicatedIpPools",
                "ses:ListReceiptFilters",
                "voiceid:DescribeDomain",
                "wafv2:GetLoggingConfiguration",
                "wafv2:GetWebACLForResource",
                "wisdom:GetAssistant",
                "macie2:ListFindings",
                "macie2:GetFindings",
                "identitystore:List*",
                "identitystore:Describe*",
                "sso-directory:Describe*",
                "sso-directory:ListMembersInGroup",
                "cloudwatch:GetMetricStatistics"
            ],
            "Resource": "*",
            "Effect": "Allow"
        },
        {
            "Action": [
                "ecr:BatchGetImage",
                "ecr:DescribeImages",
                "ecr:GetAuthorizationToken",
                "ecr:GetDownloadUrlForLayer",
                "ecr:ListTagsForResource",
                "ecr:GetRegistryPolicy",
                "ecr-public:DescribeImages",
                "ecr-public:ListTagsForResource",
                "ecr-public:GetAuthorizationToken"
            ],
            "Resource": "*",
            "Effect": "Allow"
        },
        {
            "Action": [
                "ec2:CopySnapshot",
                "ec2:CreateSnapshot",
                "kms:CreateKey",
                "kms:DescribeKey",
                "ec2:GetEbsEncryptionByDefault",
                "ec2:DescribeSnapshots"
            ],
            "Resource": "*",
            "Effect": "Allow"
        },
        {
            "Action": [
                "ec2:CreateTags"
            ],
            "Resource": "arn:aws:ec2:*::snapshot/*",
            "Effect": "Allow"
        },
        {
            "Action": "kms:CreateAlias",
            "Resource": [
                "arn:aws:kms:*:*:alias/wizKey",
                "arn:aws:kms:*:*:key/*"
            ],
            "Effect": "Allow"
        },
        {
            "Condition": {
                "StringLike": {
                    "kms:ViaService": "ec2.*.amazonaws.com"
                }
            },
            "Action": [
                "kms:CreateGrant",
                "kms:ReEncryptFrom"
            ],
            "Resource": "*",
            "Effect": "Allow"
        },
        {
            "Condition": {
                "StringEquals": {
                    "aws:ResourceTag/wiz": "auto-gen-cmk"
                }
            },
            "Action": [
                "kms:GetKeyPolicy",
                "kms:PutKeyPolicy"
            ],
            "Resource": "*",
            "Effect": "Allow"
        },
        {
            "Condition": {
                "StringEquals": {
                    "ec2:ResourceTag/wiz": "auto-gen-snapshot"
                }
            },
            "Action": [
                "ec2:DeleteSnapshot",
                "ec2:ModifySnapshotAttribute"
            ],
            "Resource": "*",
            "Effect": "Allow"
        },
        {
            "Action": [
                "s3:GetObject",
                "s3:GetBucketLocation",
                "s3:GetObjectTagging",
                "s3:ListBucket"
            ],
            "Resource": [
                "arn:aws:s3:::*terraform*",
                "arn:aws:s3:::*tfstate*",
                "arn:aws:s3:::*tf?state*",
                "arn:aws:s3:::*cloudtrail*",
                "arn:aws:s3:::elasticbeanstalk-*"
            ],
            "Effect": "Allow",
            "Sid": "WizAccessS3"
        }
    ]
}